4.1284003,279.923775
4.1046,70.34178711
4.0943003,62.02333333
4.09215,367.5500709
4.04735,59.3675
4.03655,75.64496094
4.0290504,83.43221074
4.0188,183.3571556
4.0144506,66.04972222
4.0105004,
4.0104494,161.8801531
3.9999504,72.15
3.9971504,116.8125568
3.9933002,99.738975
3.99025,69.10404321
3.98945,257.4584
3.986,162.84
3.98525,122.0604
3.9836,155.31
3.97685,56.53515556
3.9761004,82.6484
3.9757504,49.2475
3.9675503,106.9681633
3.9613004,272.7923438
3.9607499,119.4882639
3.9560502,107.4475
3.9549503,151.7082667
3.9546006,99.3691
3.95345,142.0515816
3.9511998,166.4036725
3.9484,292.1862213
3.94455,235.032775
3.94455,235.032775
3.9429002,185.5041667
3.9358,106.5829917
3.9342504,186.94
3.9342499,81.9071301
3.9315,46.13558594
3.92685,118.0049306
3.9264004,69.169375
3.92615,166.6474251
3.9261003,111.699375
3.9259002,77.3275
3.9249,142.1333496
3.9243004,31.924375
3.9177003,154.5975
3.9175503,54.1475
3.91505,172.87
3.9134002,51.5759
3.9127502,60.64464286
3.9101002,61.3619
3.9099998,57.6275
3.90475,307.0995062
3.9031003,109.1163889
3.9030004,190.7117659
3.9014003,222.9255102
3.8997002,175.8388889
3.8978,87.67996914
3.8974502,163.2084
3.897,115.135
3.8967502,74.185975
3.8959503,66.257775
3.8955002,127.880976
3.8934503,56.4731
3.8894997,76.64984375
3.8881505,54.67345663
3.8880506,165.8275
3.8879,57.55493802
3.8870502,70.965
3.8857002,84.49867787
3.8854003,277.5991837
3.8843002,74.88535124
3.8836503,127.1502604
3.8766003,66.6643595
3.8766003,67.3571
3.8746002,72.69
3.8674502,72.4275
3.86535,59.62719723
3.86435,321.4959137
3.8642507,132.8775
3.8633003,54.411775
3.8632998,116.1303254
3.8632503,85.75876543
3.8613002,89.169375
3.86125,135.5322222
3.8611004,40.22083333
3.8603497,140.2725
3.8597,45.3996
3.8587003,94.6031
3.8587003,94.6031
3.8586,133.2490234
3.8566003,109.949435
3.8562,81.93285714
3.85565,63.94
3.8554006,56.29
3.8552997,71.199375
3.8538003,88.24604514
3.8530502,78.56913086
3.8526,203.8314506
3.8516002,
3.85075,70.81309533
3.8480003,105.2675
3.8477502,120.7758019
3.8473504,64.41959184
3.8472505,107.1975
3.8471,124.650625
3.8464005,63.65933594
3.8458004,108.1028633
3.8457503,82.70746094
3.8454998,30.81109375
3.8446002,307.3623438
3.8445003,182.6916286
3.8434498,68.26666667
3.8434002,67.584375
3.8427997,68.79987654
3.8425002,149.219375
3.8421001,85.42666667
3.8416004,53.77993056
3.8411503,51.6092284
3.84105,117.3675
3.84095,175.8087245
3.8408,51.749375
3.8396504,148.3005325
3.8387501,105.4815237
3.8377502,93.47275952
3.8372002,79.67194444
3.8371499,370.931875
3.8362503,72.2856
3.8357003,72.130775
3.83565,105.235775
3.8353004,45.874375
3.8317,62.8559
3.83075,106.6350617
3.8299503,96.04972222
3.82985,118.4050617
3.8296502,342790.3481
3.8293507,73.669375
3.8291004,57.024375
3.8283,82.11273546
3.8265502,57.6264
3.82635,44.38403878
3.8260503,102.4270386
3.8243504,114.0717816
3.8239503,171.8396
3.8228002,54.369375
3.82275,113.4980046
3.8217003,180.744375
3.8216,86.86666667
3.8202004,68.5956
3.8199,109.2275
3.8188999,136.874375
3.8174005,164.8438265
3.81605,41.7924
3.8157501,39.33378698
3.8157501,89.50818182
3.8144004,339.9655556
3.81375,117.9821366
3.8136,117.7681353
3.8130004,88.08109375
3.8128002,177.3250148
3.8111503,113.1392088
3.8111,83.02626543
3.8102505,123.7437522
3.8098502,174.9114324
3.8098,50.29159722
3.80975,44.51145062
3.8088002,142.2617771
3.8085504,86.69907025
3.8085003,66.31852041
3.8085003,62.41997732
3.8079002,117.8011824
3.8077,98.378096
3.80745,68.54237528
3.80635,55.5092284
3.8059502,199.988275
3.8048005,44.98330247
3.8036003,135.7779123
3.8035,91.00555556
3.8028502,82.26721451
3.801,88.18979592
3.8007998,142.8326204
3.8007,67.36178571
3.8004003,81.6717357
3.8002503,94.98867675
3.7999,111.1599881
3.79985,78.03834711
3.7996502,100.2941667
3.7992,40.2475
3.7989502,40.86994898
3.79765,68.99416667
3.7973504,95.41508711
3.7969506,98.95
3.7961,82.38626543
3.79565,71.035
3.7944999,81.31945888
3.7943,56.82950617
3.79425,71.82632653
3.7936504,49.01777778
3.793,271.9496302
3.79165,115.5098222
3.7904503,104.6139834
3.7903504,81.04812777
3.7901504,115.5253061
3.7887502,52.34993056
3.7879498,49.0475
3.7873006,138.2322619
3.7872002,274.3208333
3.7866497,46.71222222
3.78615,108.3201531
3.786,56.6892284
3.7858002,69.384375
3.78395,88.7479
3.7836502,278.4275
3.7807,54.58693878
3.7806003,271.964321
3.7801003,117.2860938
3.7792504,56.21142857
3.7790005,68.86358025
3.7785003,256.45
3.7784004,39.42993056
3.7776,52.54580247
3.7775006,52.6476
3.7774997,56.519391
3.7765503,87.636875
3.7756004,259.5298647
3.77535,38.26
3.7752502,118.5
3.7741497,60.2
3.7737002,80.80305556
3.772,120.4750236
3.7717004,45.05897461
3.7714,130.5099556
3.7713006,60.01371094
3.7707496,49.08062222
3.7695498,72.36264793
3.7691002,56.034375
3.7687497,111.6676817
3.7678502,62.50659722
3.7666504,35.15535247
3.7661004,51.88359375
3.7647004,79.81416667
3.76455,54.45958678
3.7642505,142.7975
3.7642503,102.0292484
3.7642503,92.9828719
3.7639003,290.2422971
3.7627006,43.4691358
3.7615504,51.18270833
3.7615,59.07638889
3.7614002,241.3738812
3.7612998,64.41274375
3.7612004,127.3560059
3.7610507,69.1875
3.7607505,45.33626033
3.7607002,47.78277344
3.76065,67.02222222
3.7606003,102.624375
3.7603002,112.43357
3.7601006,258.418858
3.7596505,61.81972222
3.7588,49.62096939
3.7587001,104.9988889
3.7584004,106.8497222
3.75835,71.90633657
3.7582505,443.9224
3.7578998,44.20674556
3.7567506,51.97326389
3.7559001,182.4780785
3.7556999,57.59519231
3.75545,58.13693878
3.7552001,106.7846154
3.7535005,134.066975
3.7531502,82.0131
3.7530506,61.209375
3.7527504,329.0056592
3.7524502,77.34
3.7511501,43.7819
3.75055,106.4579339
3.74995,81.7775
3.7499,54.2659
3.7495003,107.7324826
3.74925,141.0435937
3.7488003,97.5975
3.7480502,106.098845
3.7478504,80.43815744
3.7474504,37.81714286
3.7472,50.94998264
3.7465,129.2041828
3.7441,122.614375
3.7426002,118.5763889
3.7425504,47.4275
3.7423005,139.7898438
3.74185,109.6997606
3.7401001,72.67311983
3.73955,129.9373438
3.7392,37.199375
3.7390504,42.3275
3.7389503,78.81014648
3.7388,118.9074556
3.7384505,94.7775
3.7381504,124.4796
3.7366505,75.8316
3.73585,50.87666667
3.7358005,66.57611054
3.7348504,60.01770833
3.7347999,132.2722222
3.7344003,75.70221524
3.73385,79.284375
3.7338004,75.05823776
3.7337005,67.16874023
3.7336497,65.0944
3.7327504,61.74163223
3.7322502,44.61
3.7305005,105.5455969
3.7305005,105.5455969
3.73035,165.659375
3.7301,54.33333333
3.7296004,107.2363889
3.7295997,57.61
3.72915,143.4051775
3.7287498,144.0484765
3.7258003,39.56555556
3.7244003,32.419375
3.7239003,58.67900826
3.72335,90.63638889
3.7232502,169.2460938
3.7232003,126.7181122
3.7215004,130.3353222
3.7212002,153.3660451
3.72085,61.48638889
3.7199001,168.849375
3.71955,104.3140274
3.71915,111.8623438
3.7189503,124.8558333
3.7186503,128353.7664
3.7186005,102.5216623
3.7170498,131.8030556
3.7166505,132.9160758
3.71635,66.4531
3.7162502,156.9339
3.7159,37.79
3.71535,43.62573333
3.7152505,38.96859375
3.7150002,63.74478395
3.7135506,76.81
3.7132003,97.6547469
3.7129502,81.97277006
3.7127,71.869375
3.7125504,67.30428571
3.7119,86.09859375
3.7117505,223.1918787
3.7105503,36.0619
3.7094998,70.36638889
3.7094502,428.6906173
3.7091503,99.95341716
3.7080002,53.51617284
3.7074006,93.21792076
3.7073002,146.1799691
3.7071,66.31
3.70645,78.51638889
3.70625,215.1433333
3.7050004,61.60493056
3.7050004,83.95819722
3.7037003,229.2815166
3.7027504,57.78489796
3.70205,127.8556122
3.7018998,62.97027344
3.7018502,62.51140533
3.7007,70.1591
3.6999497,61.154375
3.6992505,40.696775
3.6990504,76.7256
3.6983497,84.13321429
3.6982498,43.84305556
3.6980503,51.454375
3.6978002,53.75861111
3.6941502,254.1965972
3.6940498,47.99159722
3.6925006,89.42978928
3.6918998,130.7069991
3.69165,50.649375
3.6911507,55.84819874
3.6907,96.0676
3.6905503,87.98
3.6904502,65.59539541
3.6898003,203.49
3.68945,110.8023967
3.6894002,96.79548177
3.6893501,114.6053627
3.6881995,327550.6562
3.6873004,107.9276
3.6861503,50.13222222
3.68595,162.6571
3.6859004,182919.4256
3.6850502,53.41638889
3.6844506,51.05972222
3.6844506,114.348762
3.68315,58.31442708
3.68315,58.31442708
3.6828504,40.6275
3.6819503,46.649375
3.6801505,39.43933837
3.6780002,82.60972222
3.6774,143.1055247
3.6771502,39.37109375
3.6767507,45.6136157
3.6763,105.6673438
3.6759002,92.9943787
3.6757004,188.135975
3.6739998,72.94580247
3.6733506,273.8635294
3.6733003,222.2344
3.6731002,49.46621094
3.67125,111.0257313
3.66855,59.36086389
3.6684499,157.8218359
3.6675503,33.6775
3.66745,210.009375
3.66645,62.47967773
3.6658006,45.05555556
3.6650002,43.25227769
3.66495,62.924375
3.66385,39.9024
3.6637504,104.6185321
3.6618,57.6252071
3.6597,46.9875
3.6593502,193.022569
3.6587002,105.4225413
3.6583,72.51416667
3.6570504,48.6164
3.6563504,49.73609375
3.65475,72.8475
3.6524005,185.8960938
3.6524005,185.8960938
3.652,167.4585938
3.6512005,252044.0687
3.6506,87.80354273
3.6502004,189.9499
3.6489003,127.859571
3.6472504,141.394949
3.6467502,34.95737654
3.6446004,99.0498852
3.6441503,86.59971892
3.6439,74.44289941
3.6431499,56.79159722
3.6418502,144.4670062
3.6413503,52.434375
3.641,141.7191358
3.6405501,43.44972222
3.6392007,38.31
3.6391501,87.4475
3.6369503,78.0155102
3.6349003,53.81326389
3.6332002,265.2397438
3.6329002,167.1315972
3.6292999,80.16522461
3.6291003,44.77239796
3.6287506,130.2070918
3.6284,97.91859375
3.6279,17.35234375
3.6274002,84.29859375
3.6263497,53.36
3.6258502,66.41190311
3.6248004,253.8275
3.62345,132.298019
3.6222496,97.17239796
3.6220005,83.4771358
3.6213505,61.35477273
3.6212,118.4039828
3.6207001,86.12777344
3.6187503,46.45329834
3.6181998,51.10623264
3.6176002,158.7275
3.6172004,71.41659722
3.6159,83.34
3.6149,99.47484375
3.6147003,90.74
3.6114502,69.24022893
3.6111503,74.47638889
3.6106007,388.7480859
3.61055,252.0222107
3.6105003,153.8246556
3.6098003,173.1495942
3.6093502,52.08222222
3.6093,
3.6083004,51.92986686
3.6077507,83.74320988
3.6072001,286.024375
3.6053505,106.8880442
3.6052506,70.31462018
3.6036007,65.52932222
3.6015003,146.054375
3.6013005,34.709375
3.6005504,57.80663818
3.6,57.78730776
3.5996003,50.03367284
3.5992508,77.34555556
3.5991502,233573.3818
3.5989003,42.1364
3.5974498,49.36972222
3.5970001,35.91555556
3.59695,54.0779
3.5964,49.40527778
3.5952504,39.825
3.5949502,56.03478889
3.5948505,105.4049306
3.5925508,54.1875
3.5871003,64.45609375
3.5871003,84.94072314
3.5870006,59.69972222
3.58575,42.66109375
3.5850003,177.4104
3.5849,168.5014792
3.5847504,168.9087245
3.58255,71941.6007
3.5804505,150.9297959
3.5790505,40.6356
3.5780003,61.4976
3.5760002,72.33293798
3.5741506,254.9738905
3.57275,58.8684
3.5710502,95.61244898
3.5709,56.1977551
3.5705502,92.9651
3.5702999,28.60903846
3.5698497,37.4931
3.5686996,197.262126
3.5676003,48.84807256
3.5675004,84.3375
3.5665505,173.2545631
3.5640006,196320.9482
3.5605004,46.5484
3.5601501,73.6419
3.55605,89.91227509
3.5551999,155.9414127
3.5532005,45.185
3.5493004,68.4475
3.54765,40.36131836
3.5422,50.41617284
3.5405,42.17888889
3.5397003,145.4106994
3.5390003,64.53852041
3.5383499,105.055625
3.5364003,83.969375
3.5331001,70.30995969
3.53125,42.7776
3.5308502,46.735
3.5286503,74.2053776
3.5285504,43.38109375
3.5280004,48.94581315
3.5273998,59.03346939
3.5270004,102.6482639
3.5262,41.70169501
3.5259502,47.99207202
3.5254006,35.02378809
3.5251503,42.61789931
3.5207,52.7275
3.5184002,58.04984375
3.5178,94.96975802
3.5153,52.87027344
3.5130005,107.394375
3.5126004,62.7975
3.5115504,364.6684148
3.51035,63.36375802
3.5098,36.38700617
3.5094502,45.08826389
3.50425,76.98271468
3.5039496,243.1027889
3.4986,45.30187066
3.49785,56.84213433
3.49585,79.19309642
3.4938502,103.7438489
3.4924998,55.45578383
3.4916503,50.90222653
3.4912498,34.76
3.4907002,100.1719291
3.49025,62.35718858
3.48865,68.12159722
3.48725,74.58359467
3.4857497,53.53928669
3.4832501,27.85282579
3.4824002,91.53146385
3.4786503,73.29104167
3.4771504,57.1084
3.4771504,56.41790441
3.4766002,76.87855867
3.4755,68.48222222
3.4752502,37.38638889
3.4731507,77.96202689
3.47155,49.11885802
3.4715,97.47140496
3.4712002,49.24234375
3.46875,50.86110947
3.4683998,29.17708678
3.46805,28.01276735
3.4648507,89.36845778
3.4647498,42.80748264
3.46455,28.29110677
3.4643502,45.6634349
3.46355,52.39
3.4633503,45.42368147
3.4567504,119.3691293
3.4545999,54.21558594
3.4538498,55.51786011
3.4528503,29.7259678
3.4519005,73.20839844
3.45165,83.23520661
3.4490998,40.17366389
3.4468498,53.95440611
3.4464002,31.09071402
3.4461002,38.65770833
3.4444504,55.88359375
3.44255,42.53459343
3.4394002,77.91104167
3.4363506,35.75357341
3.4339,33.2704
3.4331002,38.29258488
3.43185,63.69333333
3.4301498,40.67301775
3.42865,64.20810811
3.4285,56.44561523
3.4284005,57.31770833
3.4283001,27.63233056
3.4243,71.81713869
3.4226506,37.33158163
3.4225502,51.090975
3.4221,63.60770833
3.4184997,72.36573199
3.41845,58.95213254
3.4183502,27.31416667
3.4150505,39.99229709
3.41355,43.71988754
3.413,51.28641975
3.4066002,324959.483
3.4053998,44.93246358
3.4038002,44.1896
3.4029999,79.46280612
3.4021995,57.42484375
3.4019,33.27959877
3.4016004,99.51078944
3.4014504,31.36873264
3.4008503,44.29928819
3.4006,84.26959184
3.4003003,86941.77871
3.4,77.28776042
3.3998501,74.27655816
3.3983502,86.17403061
3.3981502,76.02527778
3.3969505,52.40234898
3.3953,108.6066222
3.3952503,67.67832562
3.3938503,114.8641257
3.3927503,100.2473438
3.3927002,42.9579
3.39165,35.48876543
3.3900502,62.14137755
3.38815,40.6374096
3.3866,41.82
3.3856502,43.224375
3.3851998,77.78638889
3.38255,31.0475
3.3804004,38.43321429
3.37585,48.03866071
3.3753502,122.2150283
3.3751502,56.13700958
3.3705497,35.1571
3.3683498,48.1251
3.3665497,76.73280273
3.3624,98.147975
3.3623497,82.05219136
3.3614502,80.91612182
3.3597999,61.31872653
3.3597,57.49734072
3.3567004,23.66060354
3.35635,58.33084961
3.3551002,23005.0332
3.3547006,40.2891584
3.3535504,101.6999872
3.35,95.28034914
3.3456001,73.58346939
3.3426502,40.3979
3.3417504,40.96519722
3.3410995,40.7384
3.3398502,25.12333333
3.3398502,25.12333333
3.3397498,87.169375
3.3386002,52.67535133
3.3369498,49.6892284
3.33645,22535.56429
3.3358502,42.73159722
3.3349502,37.9875
3.3345,46.2217385
3.3324,63.1851
3.3314004,62.27484375
3.32945,58.29453056
3.3285,224.3935938
3.3273501,97.15576553
3.3266997,39.86234375
3.3266501,58.57462191
3.3264503,44.55054422
3.3202004,42.05612188
3.3195004,24.65607143
3.3192506,58.56072314
3.3190503,29.519375
3.3189003,39.71222222
3.3164,34.84059665
3.3159,27.51304709
3.31325,95.06293345
3.3119502,49.90668367
3.3115,29.1314876
3.31095,32.110975
3.3102002,76.2469513
3.3060002,
3.3021004,125.2218652
3.3004003,54.06133787
3.3004003,39.22795351
3.3001506,41.74455498
3.29985,34.22777344
3.29845,62.00484375
3.2974,52.79
3.29705,65.7050716
3.2961502,32.55607143
3.2930999,65.94837236
3.29215,44.73609375
3.29205,50.52884431
3.2904503,21.14746094
3.2859502,46.844375
3.2858002,56.60331597
3.2846,154.0385136
3.2840505,64.30745562
3.2829003,53.14984375
3.2812,32.99812196
3.28095,76.27964487
3.28055,49.98472992
3.2793498,59.88222412
3.2782001,56.14333333
3.2775497,33.15643599
3.2731004,51.14876853
3.27255,32.16262976
3.27005,67.81714844
3.2677503,37.05387755
3.26725,28.47532959
3.2672,57.1075
3.2669997,53.35989669
3.2663002,78.81778547
3.2638004,63.01358025
3.26275,33.56109214
3.2584503,33.31408163
3.2569,48.23115556
3.2551003,37.49264463
3.2550502,55.39172969
3.25465,19.75014423
3.2545998,86.37316127
3.25395,40.81932222
3.2526002,36.80105327
3.2525501,33.90387755
3.2523503,35.38866071
3.2508004,145.8555556
3.2490501,
3.2447505,37.6032209
3.2436504,25.94347633
3.2425504,50.284704
3.24255,41.48903047
3.2405002,33.77836735
3.2394505,27.59126722
3.23895,38.72926854
3.2386003,24.77388889
3.2381005,31.03856939
3.2370002,42.28298382
3.2351003,24.04673469
3.2349503,29.68972222
3.2347999,50.09014648
3.2344003,33.33166667
3.2337003,35.1352551
3.2318504,43.81585034
3.2316499,31.62359375
3.2301002,48.06326389
3.2301,44.55468678
3.2297,27.06326389
3.2271504,37.98346939
3.2267997,110.3151828
3.22125,45.90805556
3.2207,34.10270833
3.2177498,45.6744
3.2175002,66.54418381
3.2167003,37.99539576
3.2162004,62.00704633
3.2158,46.23416233
3.2156003,47.35298382
3.21385,26.22248889
3.2115502,66.94405273
3.2092998,114.0182989
3.2087002,43.88402344
3.2067,30.43729592
3.2056503,31.48839506
3.20515,42.46371094
3.2045503,44.07662222
3.1983001,97.87818939
3.1977003,47.24713436
3.1956503,32.30550238
3.1956503,32.30550238
3.1956,29.3
3.19455,127.1261389
3.1921,22.72935791
3.19175,26.671975
3.1907504,34.09526406
3.1903005,58.21121882
3.1880004,35.46732222
3.1872,41.33489796
3.1865504,62.23302913
3.1858,22.89326389
3.1854,24.93370165
3.1843002,34.76456667
3.1837,31.49151042
3.1836503,51.35834911
3.1819,20.24652344
3.18115,36.87650519
3.1792002,42.06856667
3.1778505,36.05387755
3.1738,27.59078889
3.1732001,63.027775
3.16255,41.12157929
3.1619,30.282576
3.1614003,30.2668595
3.15165,21.27246772
3.1497502,47.18869822
3.14925,33.97282929
3.14925,55.41130833
3.1479,30.14979592
3.14155,
3.1406002,33.06984691
3.1402497,25.038124
3.1398003,41.942775
3.1375499,18.62601108
3.13575,
3.1337502,22.12039941
3.1321003,27.1457699
3.1314502,52.491975
3.13135,29.66501111
3.1309505,36.47216761
3.1268,23.56414931
3.1234002,53.83970864
3.1229002,21.5125
3.1192503,20.63589506
3.1186502,29.66519877
3.1171002,20.78645656
3.1104002,17.99865784
3.1093497,26.18395062
3.10865,28.24823748
3.10705,22.92048177
3.1053002,23.41326389
3.1023502,
3.0964005,37.04763314
3.0953002,35.75121094
3.08925,36.42052469
3.0867503,34.51204082
3.0855002,80.74429752
3.0833502,38.17077092
3.0799003,45.19173333
3.0788503,30.38956597
3.0766501,56.96558594
3.0758998,
3.0755,40.50870748
3.0734,42.69773333
3.0732503,42.27088673
3.07085,32.23662994
3.0677001,24.28155816
3.0649502,19.42979592
3.0605004,23.94382962
3.05815,34.21585034
3.0554001,45.02444425
3.0540004,45384.19077
3.0524502,46.34159722
3.0484004,28.36414306
3.04555,57.27855831
3.04215,43.101536
3.0401502,36.52820747
3.03935,24.13
3.03785,28.27216151
3.0366502,22.90225586
3.0338001,32.08174963
3.0248501,52.68496094
3.0233502,
3.0233002,42.33464604
3.0205002,56.77083333
3.0156503,23.83447405
3.0146003,35.90826389
3.01325,72.49304826
3.0093503,112.4599826
3.0085502,19.9556
3.00585,23.97264308
2.9996,25.57523333
2.9984002,31.14580898
2.9979997,20.429375
2.992,27.83244898
2.9916503,31.01154006
2.9855502,51.02283951
2.9728003,38.6999963
2.9700003,33.41478889
2.9667,44.41112344
2.9637003,35.0301
2.9568002,15.30885813
2.9562502,19.55277344
2.9562001,24.51082645
2.9522004,25.00303253
2.95155,21.73721088
2.9493,30.0594871
2.9482,25.94333333
2.9419,40.2924779
2.9397998,52.32345679
2.9394,29.24443213
2.93545,17.46683062
2.9335501,34.46467755
2.9316,40.96686162
2.9289002,36.50414399
2.9283504,33.5896
2.9273999,55.70936523
2.9273002,37.56305656
2.9270005,42.16096832
2.92625,24.56460617
2.9224498,63.38825614
2.92205,23.53083272
2.9213002,35.293136
2.9194,26.58634298
2.9164999,29.48217128
2.9109502,35.48530637
2.9068503,26.92246094
2.9039502,20.61534722
2.9032505,26.34567385
2.9028497,27.01150884
2.9023001,34.22336504
2.90135,28.39693311
2.9004998,18.64545225
2.9002,15.67805269
2.8978505,39.29692521
2.8972003,22.19777763
2.8947,17.10621056
2.89445,44.34706597
2.8900504,35.1025
2.8877501,26.79159722
2.8838499,32.57808594
2.8826003,24.00529336
2.8825002,42.4748071
2.88175,27.82171698
2.87985,20.51292517
2.8756003,21.37739053
2.8746002,37.52402218
2.87415,20.75589506
2.87345,20.91550535
2.868,23.42366494
2.86505,15.36885813
2.8606,17.62249796
2.8529,23.39370499
2.8519504,25.716275
2.8508003,25.23520266
2.8418002,26.720775
2.8377998,23.56949154
2.8369002,18.32730195
2.8369002,14.23270833
2.8353,18.69270399
2.8331501,18.11055804
2.8303504,27.41113636
2.8248,20.8306901
2.8240001,23.44954029
2.8220003,14.15617284
2.8147001,20.21493056
2.8078504,23.43474286
2.7981,11.32387651
2.7928004,22.38815577
2.7924504,24.65826389
2.7893004,20.85265549
2.77535,38.10151106
2.7728503,23.96719258
2.7721505,23.32940901
2.7697003,14.06317708
2.7558,28.46419738
2.739,15.987791
2.7335002,17.47251224
2.73215,18.22152344
2.7297504,19.57593316
2.72545,34.07256439
2.72385,20.64239585
2.7190502,36.8030102
2.7143002,20.21836933
2.7136998,21.91212222
2.7101502,15.70134067
2.70645,17.39469343
2.7038002,12.56299306
2.7026,64.98626109
2.7019,9.495444773
2.70115,14.90195543
2.6988502,21.266187
2.6986504,15.06110969
2.6973,11.74371094
2.6944,16.3121
2.6886501,14.1686
2.6879,14.46959661
2.6856499,25.43481257
2.68515,8.806178512
2.68445,19.75378698
2.683,24.22504748
2.6800501,10.616044
2.6792998,8.697159864
2.6782498,19.82818386
2.67635,15.32232449
2.6753001,17.0475
2.6746497,10.54607568
2.6736004,14.38022461
2.6716998,12.12978928
2.6675,24.15448413
2.66665,13.41527822
2.66635,14.119069
2.6636996,13.26792586
2.6571,17.57030816
2.6522,9.741263265
2.6517997,13.60142478
2.6515498,14.5575716
2.6507,13.84470322
2.6503003,21.58298953
2.6488004,17.15136823
2.6454,25.50048611
2.6439502,22.07984877
2.6337502,29.5837526
2.63275,10.54158834
2.6323,12.60382653
2.6244502,21.15706482
2.6217504,17.4406732
2.6201503,13.29186635
2.61795,22.46043838
2.6141,19.44085857
2.6137004,13.07856726
2.6116002,21.29354839
2.6109502,31.05609375
2.6024003,62.242766
2.5925002,15.13373594
2.5920005,34.92609375
2.5904002,37.16477144
2.5883002,13.56995556
2.5882502,18.04401559
2.5720003,24.67201953
2.5720003,24.67201953
2.5661001,12.48375
2.5635498,15.96449618
2.5576003,12.89937203
2.5501,13.68589844
2.5494504,12.67407708
2.5492506,19.09548502
2.5453498,10.98972652
2.54145,16.55850592
2.53895,13.95108787
2.5336502,17.15763085
2.5296,19.56461901
2.5252502,16.07999023
2.5244498,14.65427296
2.5227,13.44205782
2.5133004,22.79028889
2.5105503,17.6461333
2.5085502,22.64597263
2.5039,20.55312175
2.50085,10.92130496
2.4999,14.64452239
2.4951997,13.23823313
2.4923503,14.99802514
2.4891999,15.215111
2.4874003,8.339645981
2.4863498,9.679998819
2.4862502,12.69913495
2.4859502,14.28800789
2.4836502,15.09183655
2.48145,10.23029963
2.4811504,15.36589747
2.4792004,9.87733564
2.4772506,12.52279199
2.4771001,15.91661626
2.4737,8.613659744
2.47,28.66015122
2.46875,10.86831693
2.4686,10.24012718
2.4662004,9.183558673
2.4653,13.40824612
2.4653,12.11791343
2.4630501,13.64818939
2.4597003,12.981875
2.4579,7.232563265
2.4574502,10.15846647
2.4547503,9.194082429
2.4488997,12.79047954
2.4472501,13.7016189
2.4463,11.22508554
2.4451997,10.69864164
2.4442,13.75304895
2.4403498,9.488434903
2.4299998,9.998560938
2.4297497,17.72904321
2.4255004,26.37154195
2.42525,16.23704986
2.4252498,14.79996094
2.4245498,9.640308333
2.4133503,11.79331398
2.39525,14.68973702
2.3942502,16.70932802
2.3847504,10.62573129
2.3747501,12.26144375
2.3677502,7.199475
2.3675003,20.59265306
2.36125,8.836517284
2.359,13.69002462
2.357,13.47907049
2.35375,12.53193548
2.3435001,8.0559
2.3424997,9.119702934
2.33775,20.76939971
2.3332503,9.790696
2.3242505,10.47110944
2.3220003,7.656658737
2.3192,7.109720877
2.3172,10.43622268
2.3115501,7.150725806
2.3107498,8.890990305
2.31005,7.620266667
2.3096004,9.306272507
2.3095996,10.50966264
2.3073003,7.514753186
2.3026004,7.363442506
2.3026001,7.098963572
2.3017,7.132248022
2.3007503,8.768843537
2.3,6.477710256
2.29675,4.823963905
2.29425,45431.26015
2.2933002,8.856681163
2.2929,7.137790375
2.2903001,11.79264591
2.2878003,7.546364619
2.28615,10.56972126
2.2800002,7443.724346
2.2763,9.106061391
2.2741501,11.57812066
2.264,8.875368898
2.2537003,15.332698
2.2534504,9.569199773
2.2532501,7.582753964
2.2531,13.27126709
2.23265,7.133170062
2.2270503,8.513637235
2.22565,19.05698225
2.2251503,13.91036281
2.22225,9.906518272
2.2174504,6.334680851
2.2012002,10.640044
2.1981504,12.09081099
2.1966002,9.149661575
2.1963003,12.07745177
2.1866002,6.237140816
2.1844501,4.916549515
2.1834502,8.743544024
2.1813502,7.40024375
2.1809,11.47477856
2.18035,8.78039975
2.1800504,7.679506392
2.1796002,7.55001975
2.17825,6.288592253
2.1782498,5.241629464
2.1772,6.267698568
2.17435,4.905232771
2.1675503,6.771590532
2.1670005,5.173650997
2.1641502,7.795677083
2.1633003,6.931844818
2.163,6.495745092
2.16295,6.92
2.1627002,6.070385016
2.1611,5.023913458
2.1609502,5.451711
2.1594,9.048220215
2.159,5.969773541
2.1562,6.057236565
2.1483,4.913775
2.1427503,6.283315285
2.1401002,6.773074382
2.1369002,6.666320455
2.1322,6.931985062
2.1238003,5.340508777
2.1066,5.987654321
2.1058002,8.487932099
2.104,5.189895877
2.1030002,7.585653762
2.0784504,6.167638408
2.0784001,5.901210111
2.0735002,6.661709402
2.0711503,4.260631313
2.07095,5.541938663
2.0697503,4.203652614
2.0514998,6.059907544
2.0503502,4.125694706
2.04975,6.712672697
2.0490003,4.869665499
2.0490003,4.021906688
2.0483499,4.509252217
2.0440998,4.380866541
2.044,5.895156179
2.0430503,4.161443673
2.04135,12836.5094
2.03755,8.318593936
2.0372999,4.848882505
2.0362,4.8385597
2.03515,3.281081122
2.0326498,5.534374203
2.0317502,5.401106553
2.0302,4.596048525
2.026,309328.3397
2.0249004,4.845013658
2.0219502,5.20458294
2.0217004,4.392892355
2.02035,4.785872927
2.0197997,6.810133131
2.0184999,3.273033777
2.0175004,18.8036
2.01705,6.16349646
2.0158005,21.11326389
2.0099,5.93612947
2.0034003,3.957653061
2.0002499,338247.9274
1.9982502,6.865460093
1.9967499,5.217751
1.9957502,5.707576959
1.9890001,5.308334985
1.9846499,176946.4374
1.9727999,5.308288043
1.9662001,4.319175814
1.9635502,5.6321
1.9610503,7.130899844
1.9550002,
1.9548002,
1.9509003,3.893643888
1.9504502,5.224508029
1.9455999,4.568225905
1.94065,4.160850473
1.9401499,4.690214324
1.9391003,3.449085201
1.93805,4.212093812
1.9360998,4.026529006
1.9355999,3.230219699
1.934,3.741917298
1.9325498,3.362072889
1.93065,3.519721644
1.9295,4.096802216
1.9267502,4.15524416
1.9266001,4.217076123
1.9255501,3655.446174
1.9251499,3.596172795
1.92405,4.197374443
1.9230499,4.146597222
1.9219002,5.397904
1.92185,3.18073789
1.9192002,2.7907
1.91345,4.041070849
1.9091501,4.106303697
1.9088001,5.445824683
1.90795,4.107367095
1.89415,3.893994208
1.8914502,3.955124691
1.8823999,4.317335294
1.8750999,4.265055154
1.8720999,4.213485938
1.8652,4.489096592
1.8615001,343516.6766
1.8612001,4.255308626
1.8563,4.571455856
1.8561003,3.994084584
1.8499504,3.38805696
1.84615,4.564190103
1.8430002,3.705263506
1.8335499,2.047444788
1.8328001,2.999497633
1.82845,2.024484127
1.8278501,2.411589788
1.82785,2.997890203
1.82035,2.509625364
1.8175001,2.777215237
1.8148003,2.369893363
1.8043,2.86880946
1.7972502,2.945471762
1.792,4.063450413
1.7858499,3.361711118
1.7709001,2.976426282
1.7689002,3.585292601
1.7619002,3.121505406
1.7565501,2.814408129
1.7547503,51392.75589
1.7539002,2.523310986
1.74655,3.159479
1.7352501,2.203761496
1.7338002,78639.13102
1.7305,2.148830806
1.7295,1.705074012
1.7284,1.76559585
1.7278502,2.548981481
1.7269499,2.303671174
1.7226499,2.964620336
1.72175,2.191597222
1.7166502,1.844712982
1.7109501,1.738864619
1.7030001,1.548927656
1.7009001,
1.6987501,2.31331917
1.6927503,3.969592464
1.6904001,2.277366041
1.68945,2.514838794
1.6879,
1.6769501,2.203811699
1.6626999,1.767573369
1.6624501,2.663060663
1.6607001,2.999880952
1.6583,178798.4648
1.6570002,2.187324246
1.6559,2.155534781
1.6559,2.155534781
1.6551502,1.789716527
1.6537002,1.921257595
1.6467001,
1.6419001,1.540081867
1.6402003,1.804086691
1.6392002,1.591250364
1.6334,1.669785363
1.6327502,1.777598574
1.6315502,
1.6313502,1.516484631
1.6285499,
1.62495,2.76134083
1.6241503,34699.25317
1.6224,2.012357015
1.6179001,
1.6016,2.110066556
1.5947001,1.83477139
1.58955,2.195916574
1.58755,2708.087165
1.5812002,1.688402645
1.5811,5134.283221
1.5795,1.753385296
1.5768499,1.480447002
1.57565,1.285394934
1.5727501,1.57178699
1.5713999,1.503631509
1.5711,0.968364625
1.5710001,1.696002872
1.5673001,1.609615912
1.5653,1.42702741
1.5632002,1.111701671
1.5631502,0.862792102
1.5605001,1.265904566
1.55735,
1.55285,1.180992647
1.5514,1.637906401
1.53715,1.406484889
1.5355002,1.365774055
1.53385,1.31702657
1.5316002,
1.5256001,1.232430966
1.5169501,1.405177515
1.5156,0.965907307
1.5123,1.163678393
1.5111,1.362415763
1.5106001,1.322091056
1.5084002,1.190853024
1.5044003,1.157721609
1.5035,0.900186428
1.5026003,1.291548437
1.5024999,0.912405863
1.4997001,1.076845057
1.4965999,0.938269108
1.4958,1.242932099
1.4954002,0.99798584
1.4952002,0.730330556
1.4909,1.112277624
1.4887999,1.012819692
1.4878,1.19726774
1.4876001,0.969156668
1.4737501,
1.4711,1.170332514
1.4618499,0.906484757
1.45815,1.041193659
1.4570501,1.02205605
1.4559,1.238892785
1.4552002,1.29648815
1.4535501,1.082980981
1.4471,1.158416548
1.4470999,1.125762643
1.4429001,1.013428096
1.4429,1.078227609
1.44275,0.864681122
1.4413,1.019086607
1.43765,1.150738071
1.4350002,1.029264
1.4338,1.047973305
1.4332001,0.804085876
1.4332001,0.871830367
1.4322002,0.735369809
1.431,0.942961643
1.41995,1.201601167
1.4127,0.929455484
1.4076501,269068.0475
1.40655,1.235999244
1.4065001,0.924817667
1.4047999,0.873631554
1.3948001,0.995923529
1.39165,0.907520776
1.3911,0.869072772
1.3897,0.843307488
1.38805,0.835177173
1.3875501,2.5875
1.38745,0.853630341
1.3850499,0.863262656
1.3819,0.783015167
1.37775,0.647981959
1.3769,0.844359277
1.37465,0.929456907
1.3711,0.69792967
1.3699,0.764491002
1.3691,0.940940289
1.35695,0.706241395
1.3488,0.868056034
1.34735,1.040181921
1.3443,246291.3647
1.3403002,0.583140432
1.3349501,0.678515992
1.3342999,0.742127764
1.33375,0.864550417
1.3302,0.757923753
1.32995,0.589472414
1.32775,0.552119748
1.3259999,0.619266175
1.32255,0.816067353
1.3162501,0.574804488
1.31425,0.634519992
1.2983,0.672405717
1.2974501,0.742971901
1.29695,0.61570903
1.2946,0.686049246
1.2918001,0.582252211
1.2872002,0.523532313
1.2830501,0.62051274
1.28125,0.580308181
1.28015,24247.50717
1.27895,0.571255223
1.2763503,0.526923368
1.2732,0.768721745
1.2717999,0.520710249
1.2584002,0.713981868
1.2557001,0.503594164
1.2543001,0.530045281
1.25355,0.670610526
1.2451,0.510991973
1.2437502,0.642120776
1.241,0.544146943
1.2386501,0.440192242
1.2343,0.440740614
1.2327502,0.499362881
1.2297001,0.446047074
1.2270501,0.406843566
1.2247002,0.42618439
1.21715,0.625121644
1.2112,0.525219601
1.2062501,0.48926849
1.2030499,0.507986522
1.2026501,0.519906778
1.2009003,0.467282612
1.2000501,0.507153463
1.1947,0.354096806
1.19375,0.277034574
1.19245,0.535552895
1.1906002,0.401241055
1.1898501,0.334752229
1.186,0.380045302
1.1858503,0.385916365
1.1838499,0.363715536
1.1783,0.499078444
1.1749,
1.1732001,
1.1722502,0.468395799
1.1698501,
1.1652,0.422533522
1.1600001,0.357259446
1.15895,0.346761981
1.1566999,0.333354312
1.1561999,0.346966873
1.15325,0.338582045
1.1511002,0.324729717
1.1505,0.366488889
1.1497002,0.296813185
1.14695,0.265706259
1.14265,0.372619198
1.13675,0.380576865
1.1269002,
1.1243999,0.318978628
1.1218998,0.28213332
1.1215,0.297343181
1.1151001,0.364058428
1.1133502,0.327211066
1.1124002,0.193046133
1.1102501,0.240619412
1.1057999,0.235490398
1.0992,0.305992859
1.09075,0.394305809
1.0906,0.30615605
1.0885001,0.238740812
1.0875,0.212826993
1.0874001,0.211191161
1.0817499,0.251594787
1.0807002,0.174013956
1.0774502,0.222476774
1.0772501,0.241880531
1.07265,0.220779062
1.0688499,0.221798447
1.0577,0.270699398
1.05445,0.280153719
1.0535501,0.177685901
1.0529,0.209427899
1.0487001,0.240698371
1.0448,0.157353638
1.0432001,0.169756243
1.0428,0.149534397
1.0410001,0.203183864
1.0258001,0.22032444
1.02565,0.191269999
1.02455,0.206434529
1.0192001,0.18941765
1.0182501,0.178070143
1.0179,0.189732225
1.0165,0.166056483
1.0131,0.210137209
1.0100999,0.192463585
1.0069001,0.202064083
1.0041502,0.16611079
0.99765,0.198345571
0.9933001,0.176116373
0.9909501,0.147530234
0.9859502,0.173286445
0.98585016,0.16548112
0.9851,0.157269509
0.9794,0.188086859
0.97700006,0.188948535
0.97564995,0.189940126
0.96660006,0.17011824
0.9656002,0.193668339
0.9628501,0.144722198
0.9609001,0.189973929
0.9594501,0.161520902
0.9589001,0.183651887
0.95810014,0.20524212
0.9493,0.186320702
0.94700015,0.19011768
0.94145,0.17734064
0.94130003,0.182970364
0.93950003,0.167715882
0.9368001,0.175822647
0.93654996,0.155151658
0.93619996,0.164497927
0.9347,0.183763235
0.93209994,0.195925388
0.92885005,0.174330436
0.92770004,0.18142224
0.92725,0.171754775
0.92050016,0.186336759
0.9189502,0.17567424
0.9143499,0.16253936
0.91335,0.159460401
0.91050005,0.179468844
0.9090001,0.180587371
0.90835017,0.175145429
0.9064,0.095409215
0.9045001,0.176079566
0.9003,0.181983703
0.8951001,0.187571783
0.8946501,0.166290376
0.89245,0.128040828
0.8923,0.159466766
0.88835,0.152164934
0.88775,0.182577396
0.88705,0.130042399
0.88520014,0.171305499
0.8821,0.162710067
0.8790501,0.187477333
0.8731,0.166228103
0.87235004,0.165333398
0.8682,0.164626064
0.86740005,0.139800234
0.86710006,0.163583216
0.8661,0.166868199
0.8630001,0.151020405
0.85980004,0.140046954
0.85975,0.167462452
0.85510004,0.15810855
0.85220015,0.162933622
0.8500501,0.154547069
0.84800005,0.134073928
0.8473501,0.17023744
0.84470004,0.177390398
0.84425,0.148354248
0.84400004,0.159477255
0.8406501,0.152617327
0.8385,0.168424403
0.83645,0.154915848
0.83405,0.150258116
0.83375007,0.16789351
0.8305,0.163494986
0.8276,0.142001771
0.8268501,0.127600156
0.82470006,0.165540408
0.82455015,0.144263435
0.82330006,0.129730313
0.82165,0.122928424
0.8203001,0.153472541
0.8155001,0.138488993
0.81205004,0.109847224
0.8112,
0.8090501,0.117119133
0.8076,0.12381782
0.8075,0.160779663
0.8045001,0.129713083
0.8029501,0.143654312
0.8026501,0.123339556
0.80165005,0.140216857
0.7974,0.156397566
0.79370004,0.116527775
0.79295,0.122096509
0.78885,0.15961236
0.78700006,
0.7869,0.10994233
0.7841001,0.107202585
0.78345,0.131645563
0.7816,0.104313397
0.78134996,0.111182299
0.77520007,0.111399221
0.7748501,0.142224045
0.77340007,0.121801393
0.7726,0.105022482
0.76885,0.133909807
0.76834995,373.8661227
0.7660001,0.117499093
0.76295006,1676.529331
0.75995004,0.104203855
0.75685006,710.2750273
0.75385,0.10314387
0.75375,0.107119873
0.7529,350.8329106
0.75230014,0.127555132
0.74789995,0.103498811
0.7463001,0.127218441
0.74465007,0.116049269
0.7438501,847.5219872
0.7404501,0.105545815
0.73845,0.116771174
0.7374501,0.093258485
0.73665005,0.11238775
0.7361001,0.121881242
0.73550004,0.096073022
0.7328001,647.5628455
0.7297999,0.125765541
0.7285999,0.075597262
0.7270501,0.084826481
0.72335005,0.097256828
0.7213501,0.117611851
0.7206,0.128580693
0.72010005,0.100900401
0.7191001,0.110636341
0.71840006,0.101631497
0.7143501,0.078412647
0.7139001,0.084165058
0.71215,0.086287175
0.7112501,0.121168939
0.70804995,0.085419393
0.7072,0.081497616
0.70565,0.093636495
0.70545,0.082779295
0.7038501,0.076677934
0.70320004,0.117467867
0.70075005,0.097628993
0.6975,0.107495003
0.6955,
0.69504994,0.096973758
0.69395006,0.093077458
0.6927501,0.085899775
0.6920501,0.112094673
0.6908,0.067272959
0.69075,0.082709694
0.68909997,0.096260681
0.68740004,0.095059893
0.68665004,0.095415144
0.68425,0.108862275
0.6827,0.103685421
0.68184996,0.091976476
0.6781001,0.06924108
0.6776,0.08607712
0.6769,0.077052845
0.67605,0.083378308
0.6752,0.101317451
0.67425,0.08537587
0.67074996,0.095400444
0.6704,0.091651697
0.6703,0.089681268
0.6668001,0.096062696
0.66620004,0.068644864
0.66550004,0.082687477
0.6654501,0.078846628
0.6639999,0.080402683
0.66125005,0.089194885
0.65875,0.096042771
0.65595007,0.08522064
0.65430003,0.080155102
0.65405005,0.082520088
0.653,0.081542439
0.6498501,0.095995731
0.64979994,0.08210195
0.64755,0.085750135
0.6425501,0.083589187
0.64239997,0.075043517
0.64015,0.064729081
0.63905007,0.070379467
0.63805,0.078356411
0.6373501,0.0706337
0.6366501,0.07846182
0.6322001,0.078981979
0.632,0.079052734
0.63095015,0.07559672
0.62970006,0.071435801
0.62820005,0.081510896
0.6274001,0.076902467
0.62459993,0.08088445
0.62415004,0.074661187
0.6224001,0.072712491
0.62119997,0.069439835
0.61855,0.077587623
0.61815006,0.073546455
0.6170001,0.069864067
0.61665,0.080625738
0.61505,0.075995989
0.6110999,0.064602705
0.6104001,0.074029098
0.60995007,0.085148821
0.60895,0.06732888
0.6062501,0.084808401
0.606,0.071562524
0.60554993,0.083424898
0.6049,0.066827943
0.60195,0.063144724
0.59954995,0.075421756
0.59885,0.073023955
0.59730005,0.068851032
0.5969,0.061440226
0.5963,0.086743187
0.59529996,0.077374435
0.5948,0.070889714
0.5917,0.071223508
0.59050006,0.05884873
0.58985007,0.070238043
0.5885001,0.071909816
0.5884,0.078696859
0.58820003,0.083251029
0.58750004,0.077662333
0.58695,0.085579886
0.5860001,0.085868366
0.5855001,0.088429345
0.58485,0.079443412
0.584,0.083634683
0.5828,0.089081633
0.58239996,0.080808795
0.58135,0.087447757
0.58125,0.088603808
0.5810001,0.103428897
0.581,0.093217665
0.5809001,0.095140601
0.58085006,0.091863982
0.58065003,0.096649408
0.5804001,0.101569481
0.57995015,0.090673628
0.57930005,0.103245347
0.5784501,0.102215455
0.5782001,0.095039602
0.57785,0.098254607
0.5777999,0.063647605
0.57755005,0.101381785
0.57754993,0.058802683
0.5723001,0.063079344
0.57079995,0.06646661
0.56655,0.068139139
0.56394994,0.06797156
0.5610001,0.061043685
0.55715,0.070478148
0.55585015,0.066102898
0.54910004,0.05584481
0.54429996,0.055767939
0.5411,0.068029337
0.5398,0.059096387
0.53395003,0.062721117
0.52875006,0.056713259
0.52559996,0.061431101
0.5236,60.49633767
0.5184001,0.061729483
0.51820004,0.05037383
0.5102,
0.5062,0.052507741
0.50455004,0.066309042
0.49754995,0.065085546
0,
0,
0,
0,
0,
0,
0,
0,
0,
0,
